"";"study";"condition_arm1";"condition_arm2";"multi_arm1";"multi_arm2";"n_arm1";"n_arm2";"country";"disorder";"age_category";"recruitment";"time_weeks";".g";".g_se";"outcome_type";"event_arm1";"event_arm2";"totaln_arm1";"totaln_arm2";"instrument";"rob";"time";"rating"
"1";"Alavi 2013";"Cognitive";"Waiting list";NA;NA;15;15;"Other";"Depression";"Adolescents";"Other";12;-2,93050147860304;0,533409903311024;"ideation";NA;NA;NA;NA;"NA";"NA";"post";"NA"
"2";"Amianto 2011";"Psychodynamic";"CAU";NA;NA;NA;NA;"Western";"Borderline";"Adults";"Clinical";52;NA;NA;"attempts";6;7;18;17;"NA";"NA";"post";"NA"
"3";"Andreoli 2016";"Psychodynamic";"CAU";"psychotherapists";"cau";NA;NA;"Western";"Borderline";"Adults";"Other";12;NA;NA;"attempts";6;4;70;30;"NA";"NA";"post";"NA"
"4";"Andreoli 2016";"Psychodynamic";"CAU";"nurses";"cau";NA;NA;"Western";"Borderline";"Adults";"Other";12;NA;NA;"attempts";3;4;70;30;"NA";"NA";"post";"NA"
"5";"Ardashir 2018";"Cognitive";"CAU";NA;NA;20;20;"Other";"Depression";"Adults";"Clinical";5;2,16004560814976;0,400887578748478;"ideation";NA;NA;NA;NA;"NA";"NA";"post";"NA"
"6";"Arnevik 2009";"Mixed/other";"Enhanced CAU";NA;NA;NA;NA;"Western";"Mixed";"Adults";"Clinical";34;NA;NA;"attempts";1;3;58;46;"NA";"NA";"post";"NA"
"7";"Arnevik 2009";"Mixed/other";"Enhanced CAU";NA;NA;60;54;"Western";"Mixed";"Adults";"Clinical";34;0,0403696356092706;0,220512017026667;"ideation";NA;NA;NA;NA;"NA";"NA";"post";"NA"
"8";"Asarnow 2011";"Family";"Enhanced CAU";NA;NA;NA;NA;"Western";"Suicidal data or self-harm only";"Adolescents";"Other";NA;NA;NA;"attempts";4;5;89;92;"NA";"NA";"post";"NA"
"9";"Asarnow 2011";"Family";"Enhanced CAU";NA;NA;89;92;"Western";"Suicidal data or self-harm only";"Adolescents";"Other";NA;-0,115772824227536;0,275411161651187;"ideation";NA;NA;NA;NA;"NA";"NA";"post";"NA"
"10";"Asarnow 2017";"Family";"Enhanced CAU";NA;NA;NA;NA;"Western";"Suicidal data or self-harm only";"Adolescents";"Clinical";12;NA;NA;"attempts";0;4;20;22;"NA";"NA";"post";"NA"
"11";"Asarnow 2019";"Family";"Supportive counselling";NA;NA;NA;NA;"Western";"Depression";"Children";"Clinical";NA;NA;NA;"attempts";0;5;67;67;"NA";"NA";"post";"NA"
"12";"Ayar 2020";"Problem solving";"CAU";NA;NA;31;31;"Other";"Depression";"Adults";"Clinical";NA;-0,59984190075557;0,25979235144552;"ideation";NA;NA;NA;NA;"NA";"NA";"post";"NA"
"13";"Bannan 2010";"Problem solving";"CAU";NA;NA;9;9;"Western";"Suicidal data or self-harm only";"Adults";"Other";8;-0,748080409406563;0,489245047371146;"ideation";NA;NA;NA;NA;"NA";"NA";"post";"NA"
"14";"Barnes 2021";"Mixed/other";"CAU";NA;NA;NA;NA;"Western";"Suicidal data or self-harm only";"Adults";"Clinical";13;NA;NA;"attempts";5;6;35;35;"NA";"NA";"post";"NA"
"15";"Barnes 2021";"Mixed/other";"CAU";NA;NA;35;35;"Western";"Suicidal data or self-harm only";"Adults";"Clinical";13;-0,630587269738407;0,245045076414171;"ideation";NA;NA;NA;NA;"NA";"NA";"post";"NA"
"16";"Barnhofer 2009";"Mindfulness";"Waiting list";NA;NA;16;15;"Western";"Depression";"Adults";"Other";8;-0,572140943554361;0,367060024265915;"ideation";NA;NA;NA;NA;"NA";"NA";"post";"NA"
"17";"Bateman 1999";"Psychodynamic";"CAU";NA;NA;NA;NA;"Western";"Borderline";"Adults";"Clinical";78;NA;NA;"attempts";1;12;19;19;"NA";"NA";"post";"NA"
"18";"Bateman 2009";"Mentalisation-based";"Enhanced CAU";NA;NA;NA;NA;"Western";"Borderline";"Adults";"Clinical";78;NA;NA;"attempts";2;16;71;63;"NA";"NA";"post";"NA"
"19";"Bentley 2017";"Mixed/other";"CAU";NA;NA;6;6;"Western";"Suicidal data or self-harm only";"Adults";"Clinical";0,5;0,199117814819288;0,579026885561602;"ideation";NA;NA;NA;NA;"NA";"NA";"post";"NA"
"20";"Blomdahl 2018";"Mixed/other";"CAU";NA;NA;43;36;"Western";"Depression";"Adults";"Other";10;0,113354509619955;0,226089648306035;"ideation";NA;NA;NA;NA;"NA";"NA";"post";"NA"
"21";"Brenner 2018";"Cognitive";"Waiting list";NA;NA;15;20;"Western";"hopelessness";"Adults";"Community";10;-0,638042554704163;0,350368608487532;"ideation";NA;NA;NA;NA;"NA";"NA";"post";"NA"
"22";"Brent 1997";"Cognitive";"Supportive counselling";"cbt";"supp";37;35;"Western";"Depression";"Adolescents";"Clinical";14;-0,351200330596975;0,42716342996416;"ideation";NA;NA;NA;NA;"NA";"NA";"post";"NA"
"23";"Brent 1997";"Family";"Supportive counselling";"fam";"supp";37;35;"Western";"Depression";"Adolescents";"Clinical";14;-0,518153673788995;0,483851039587133;"ideation";NA;NA;NA;NA;"NA";"NA";"post";"NA"
"24";"Britton 2020";"Psychodynamic";"CAU";"MI-SI";"cau";NA;NA;"Western";"Suicidal data or self-harm only";"Adults";"Clinical";4;NA;NA;"attempts";6;8;33;66;"NA";"NA";"post";"NA"
"25";"Britton 2020";"Psychodynamic";"CAU";"MI-SI-R";"cau";NA;NA;"Western";"Suicidal data or self-harm only";"Adults";"Clinical";4;NA;NA;"attempts";2;8;33;66;"NA";"NA";"post";"NA"
"26";"Britton 2020";"Psychodynamic";"CAU";"MI-SI";"cau";24;56;"Western";"Suicidal data or self-harm only";"Adults";"Clinical";4;0,364388132382477;0,24570291296308;"ideation";NA;NA;NA;NA;"NA";"NA";"post";"NA"
"27";"Britton 2020";"Psychodynamic";"CAU";"MI-SI-R";"cau";27;56;"Western";"Suicidal data or self-harm only";"Adults";"Clinical";4;0,0063972030505482;0,2342956061681;"ideation";NA;NA;NA;NA;"NA";"NA";"post";"NA"
"28";"Brown 2005";"Cognitive";"Enhanced CAU";NA;NA;NA;NA;"Western";"Suicidal data or self-harm only";"Adults";"Other";26;NA;NA;"attempts";13;23;60;60;"NA";"NA";"post";"NA"
"29";"Brown 2005";"Cognitive";"Enhanced CAU";NA;NA;60;60;"Western";"Suicidal data or self-harm only";"Adults";"Other";26;-0,186999597005283;0,246516714702242;"ideation";NA;NA;NA;NA;"NA";"NA";"post";"NA"
"30";"Brown 2019 study 2";"EMDR and imagery based";"Supportive counselling";NA;NA;NA;NA;"Western";"PTSD";"Adults";"Other";8;NA;NA;"attempts";0;1;75;107;"NA";"NA";"post";"NA"
"31";"Bryan 2017";"Safety planning";"Enhanced CAU";"spi";"ecau";NA;NA;"Western";"Suicidal data or self-harm only";"Adults";"Clinical";4;NA;NA;"attempts";1;5;32;32;"NA";"NA";"post";"NA"
"32";"Bryan 2017";"Safety planning";"Enhanced CAU";"spi enhanced";"ecau";NA;NA;"Western";"Suicidal data or self-harm only";"Adults";"Clinical";4;NA;NA;"attempts";2;5;33;32;"NA";"NA";"post";"NA"
"33";"Bryan 2017";"Safety planning";"Enhanced CAU";"spi";"ecau";32;32;"Western";"Suicidal data or self-harm only";"Adults";"Clinical";4;-0,305617989236732;0,251491072998243;"ideation";NA;NA;NA;NA;"NA";"NA";"post";"NA"
"34";"Bryan 2017";"Safety planning";"Enhanced CAU";"spi enhanced";"ecau";33;32;"Western";"Suicidal data or self-harm only";"Adults";"Clinical";4;-0,524485763892569;0,252429347306491;"ideation";NA;NA;NA;NA;"NA";"NA";"post";"NA"
"35";"Celano 2017";"Meaning-making";"Other";NA;NA;NA;NA;"Western";"Depression";"Adults";"Clinical";6;NA;NA;"attempts";1;0;32;33;"NA";"NA";"post";"NA"
"36";"Chanen 2022";"Cognitive";"CAU";NA;NA;NA;NA;"Western";"Borderline";"Young adults";"Clinical";26;NA;NA;"attempts";3;3;46;46;"NA";"NA";"post";"NA"
"37";"Chanen 2022";"Cognitive";"CAU";NA;NA;40;45;"Western";"Borderline";"Young adults";"Clinical";26;0,23400350511978;0,218060186822774;"ideation";NA;NA;NA;NA;"NA";"NA";"post";"NA"
"38";"Comtois 2011";"CAMS";"CAU";NA;NA;NA;NA;"Western";"Suicidal data or self-harm only";"Adults";"Clinical";26;NA;NA;"attempts";2;1;16;16;"NA";"NA";"post";"NA"
"39";"Conner 2021";"ASSIP";"CAU";NA;NA;NA;NA;"Western";"sub";"Adults";"Clinical";26;NA;NA;"attempts";7;6;14;16;"NA";"NA";"post";"NA"
"40";"Conner 2021";"ASSIP";"CAU";NA;NA;12;14;"Western";"sub";"Adults";"Clinical";26;-0,734703238928465;0,407222899877283;"ideation";NA;NA;NA;NA;"NA";"NA";"post";"NA"
"41";"Cottraux 2009";"Cognitive";"Supportive counselling";NA;NA;NA;NA;"Western";"Borderline";"Adults";"Clinical";52;NA;NA;"attempts";2;1;33;32;"NA";"NA";"post";"NA"
"42";"Cottrell 2018";"Family";"CAU";NA;NA;NA;NA;"Western";"Suicidal data or self-harm only";"Adolescents";"Clinical";78;NA;NA;"attempts";118;103;415;417;"NA";"NA";"post";"NA"
"43";"Crawford 2020";"Mixed/other";"CAU";NA;NA;NA;NA;"Western";"Borderline";"Adults";"Clinical";NA;NA;NA;"attempts";1;1;33;30;"NA";"NA";"post";"NA"
"44";"Daneshvar 2020";"Cognitive";"CAU";NA;NA;21;21;"Other";"PTSD";"Adults";"Clinical";NA;-0,152903700073512;0,309074798330798;"ideation";NA;NA;NA;NA;"NA";"NA";"post";"NA"
"45";"Davidson 2006";"Cognitive";"CAU";NA;NA;NA;NA;"Western";"Borderline";"Adults";"Clinical";52;NA;NA;"attempts";18;21;54;52;"NA";"NA";"post";"NA"
"46";"Davidson 2014";"Cognitive";"CAU";NA;NA;11;4;"Western";"Mixed";"Adults";"Other";13;-1,21154942543718;0,629400244564874;"ideation";NA;NA;NA;NA;"NA";"NA";"post";"NA"
"47";"De Jonge-Heesen 2020";"Cognitive";"Other";NA;NA;61;64;"Western";"Depression";"Adolescents";"Community";NA;-0,231102585489317;0,179540276705806;"ideation";NA;NA;NA;NA;"NA";"NA";"post";"NA"
"48";"DeGroot 2007";"Mixed/other";"CAU";NA;NA;68;54;"Western";"grief";"Adults";"Clinical";45;0,037799531288823;0,266995673972047;"ideation";NA;NA;NA;NA;"NA";"NA";"post";"NA"
"49";"Diamond 2010";"Family";"Enhanced CAU";NA;NA;35;31;"Western";"Depression";"Adolescents";"Clinical";12;-0,766209825942987;0,255702120480033;"ideation";NA;NA;NA;NA;"NA";"NA";"post";"NA"
"50";"Diamond 2019";"Family";"Other";NA;NA;NA;NA;"Western";"Depression";"Adolescents";"Other";16;NA;NA;"attempts";2;4;66;63;"NA";"NA";"post";"NA"
"51";"Doering 2010";"Psychodynamic";"Enhanced CAU";NA;NA;NA;NA;"Western";"Borderline";"Adults";"Clinical";52;NA;NA;"attempts";1;1;52;52;"NA";"NA";"post";"NA"
"52";"Donaldson 2005";"Mixed/other";"Supportive counselling";NA;NA;NA;NA;"Western";"Suicidal data or self-harm only";"Adolescents";"Clinical";26;NA;NA;"attempts";4;2;15;16;"NA";"NA";"post";"NA"
"53";"Donaldson 2005";"Mixed/other";"Supportive counselling";NA;NA;15;16;"Western";"Suicidal data or self-harm only";"Adolescents";"Clinical";26;-0,1410408879036;0,359867937451313;"ideation";NA;NA;NA;NA;"NA";"NA";"post";"NA"
"54";"Ducasse 2018";"Mixed/other";"Other";NA;NA;NA;NA;"Western";"Suicidal data or self-harm only";"Adults";"Clinical";7;NA;NA;"attempts";0;2;21;19;"NA";"NA";"post";"NA"
"55";"Ducasse 2019";"Mixed/other";"Other";NA;NA;101;100;"Western";"Suicidal data or self-harm only";"Adults";"Clinical";1;-0,342476355034775;0,142109010759136;"ideation";NA;NA;NA;NA;"NA";"NA";"post";"NA"
"56";"Ertl 2011";"EMDR and imagery based";"Waiting list";"imagery";"wl";29;28;"Other";"PTSD";"Young adults";"Community";12;0,307775546987042;0,266554335761348;"ideation";NA;NA;NA;NA;"NA";"NA";"post";"NA"
"57";"Ertl 2011";"Mixed/other";"Waiting list";"mixed";"wl";28;28;"Other";"PTSD";"Young adults";"Community";12;0,344654328169949;0,269294254187854;"ideation";NA;NA;NA;NA;"NA";"NA";"post";"NA"
"58";"Eskin 2008";"Problem solving";"Waiting list";NA;NA;27;19;"Other";"Depression";"Young adults";"Community";6;-0,212580720147356;0,300295025149586;"ideation";NA;NA;NA;NA;"NA";"NA";"post";"NA"
"59";"Esposito-Smythers 2011";"Cognitive";"CAU";NA;NA;NA;NA;"Western";"sub";"Adolescents";"Clinical";52;NA;NA;"attempts";1;6;74;73;"NA";"NA";"post";"NA"
"60";"Esposito-Smythers 2019";"Family";"CAU";NA;NA;NA;NA;"Western";"Depression";"Adolescents";"Other";52;NA;NA;"attempts";8;4;41;40;"NA";"NA";"post";"NA"
"61";"Esposito-Smythers 2019";"Family";"CAU";NA;NA;41;40;"Western";"Depression";"Adolescents";"Other";52;0,0272299991387989;0,222249655427456;"ideation";NA;NA;NA;NA;"NA";"NA";"post";"NA"
"62";"Evans 1999";"Cognitive";"CAU";NA;NA;NA;NA;"Western";"Mixed";"Adults";"Clinical";26;NA;NA;"attempts";10;10;18;16;"NA";"NA";"post";"NA"
"63";"Eylem 2021";"Cognitive";"Waiting list";NA;NA;10;8;"Other";"Suicidal data or self-harm only";"Adults";"Community";6;-0,164284075383745;0,475212106336351;"ideation";NA;NA;NA;NA;"NA";"NA";"post";"NA"
"64";"Fereidouni 2019";"EMDR and imagery based";"CAU";NA;NA;35;35;"Other";"Depression";"Adults";"Clinical";3;-3,18791909187546;0,362448297848234;"ideation";NA;NA;NA;NA;"NA";"NA";"post";"NA"
"65";"Ghahramanlou-Holloway 2018";"Cognitive";"CAU";NA;NA;NA;NA;"Western";"Suicidal data or self-harm only";"Adults";"Other";4;NA;NA;"attempts";2;3;12;12;"NA";"NA";"post";"NA"
"66";"Ghahramanlou-Holloway 2018";"Cognitive";"CAU";NA;NA;12;12;"Western";"Suicidal data or self-harm only";"Adults";"Other";4;-0,238488502234308;0,409802084820483;"ideation";NA;NA;NA;NA;"NA";"NA";"post";"NA"
"67";"Goldstein 2015";"Dialectic";"CAU";NA;NA;NA;NA;"Western";"Bipolar";"Adolescents";NA;52;NA;NA;"attempts";1;0;14;6;"NA";"NA";"post";"NA"
"68";"Goldston 2022";"Cognitive";"CAU";NA;NA;NA;NA;"Western";"dep + sub";"Adolescents";"Clinical";20;NA;NA;"attempts";1;1;7;6;"NA";"NA";"post";"NA"
"69";"Goodman 2016";"Dialectic";"CAU";NA;NA;NA;NA;"Western";"Suicidal data or self-harm only";"Adults";"Clinical";52;NA;NA;"attempts";3;5;46;45;"NA";"NA";"post";"NA"
"70";"Goodman 2022";"Family";"CAU";NA;NA;NA;NA;"Western";"Suicidal data or self-harm only";"Adults";"Clinical";12,3;NA;NA;"attempts";0;2;19;20;"NA";"NA";"post";"NA"
"71";"Goodman 2022";"Family";"CAU";NA;NA;15;15;"Western";"Suicidal data or self-harm only";"Adults";"Clinical";12,3;-1,14568543113915;0,395527703673352;"ideation";NA;NA;NA;NA;"NA";"NA";"post";"NA"
"72";"Goodyer 2008";"Cognitive";"Enhanced CAU";NA;NA;NA;NA;"Western";"Depression";"Adolescents";"Clinical";28;NA;NA;"attempts";7;6;106;102;"NA";"NA";"post";"NA"
"73";"Green 2011";"Mixed/other";"CAU";NA;NA;NA;NA;"Western";"Suicidal data or self-harm only";"Adolescents";"Clinical";52;NA;NA;"attempts";1;2;181;181;"NA";"NA";"post";"NA"
"74";"Gregory 2008";"Psychodynamic";"CAU";NA;NA;NA;NA;"Western";"bpd + sub";"Adults";"Clinical";65;NA;NA;"attempts";3;3;15;15;"NA";"NA";"post";"NA"
"75";"Grupp-Phelan 2019";"Mixed/other";"CAU";NA;NA;NA;NA;"Western";"Suicidal data or self-harm only";"Adolescents";"Other";9;NA;NA;"attempts";3;1;79;80;"NA";"NA";"post";"NA"
"76";"Grupp-Phelan 2019";"Mixed/other";"CAU";NA;NA;80;79;"Western";"Suicidal data or self-harm only";"Adolescents";"Other";9;-0,0194117417635099;0,158617225497038;"ideation";NA;NA;NA;NA;"NA";"NA";"post";"NA"
"77";"Guthrie 2001";"Psychodynamic";"CAU";NA;NA;58;61;"Western";"Suicidal data or self-harm only";"Adults";"Other";4;-0,224611388264156;0,183982466043061;"ideation";NA;NA;NA;NA;"NA";"NA";"post";"NA"
"78";"Gutierrez 2021";"CAMS";"CAU";NA;NA;NA;NA;"Western";"Suicidal data or self-harm only";"Adults";"Clinical";13;NA;NA;"attempts";0;1;16;14;"NA";"NA";"post";"NA"
"79";"Gysin-Maillart 2016";"ASSIP";"Other";NA;NA;NA;NA;"Western";"Suicidal data or self-harm only";"Adults";"Other";26;NA;NA;"attempts";1;7;60;60;"NA";"NA";"post";"NA"
"80";"Haddock 2019";"Cognitive";"CAU";NA;NA;24;27;"Western";"Suicidal data or self-harm only";"Adults";"Clinical";26;0,169765146976501;0,281060764668894;"ideation";NA;NA;NA;NA;"NA";"NA";"post";"NA"
"81";"Hahm 2019";"Mixed/other";"Waiting list";NA;NA;32;31;"Western";"PTSD";"Young adults";"Community";8;0,15176243080606;0,41418675828134;"ideation";NA;NA;NA;NA;"NA";"NA";"post";"NA"
"82";"Harrington 1998";"Family";"CAU";NA;NA;85;77;"Western";"Suicidal data or self-harm only";"Adolescents";"Clinical";NA;-0,0676900761239952;0,157372152578577;"ideation";NA;NA;NA;NA;"NA";"NA";"post";"NA"
"83";"Hatcher 2011";"Problem solving";"CAU";NA;NA;NA;NA;"Western";"Suicidal data or self-harm only";"Adults";"Other";12;NA;NA;"attempts";70;81;522;572;"NA";"NA";"post";"NA"
"84";"Hatcher 2011";"Problem solving";"CAU";NA;NA;253;299;"Western";"Suicidal data or self-harm only";"Adults";"Other";12;-0,433810803130814;0,0864174776282876;"ideation";NA;NA;NA;NA;"NA";"NA";"post";"NA"
"85";"Hatcher 2015";"Problem solving";"CAU";NA;NA;NA;NA;"Western";"Suicidal data or self-harm only";"Adults";"Other";12;NA;NA;"attempts";86;75;737;737;"NA";"NA";"post";"NA"
"86";"Hatcher 2016";"Problem solving";"CAU";NA;NA;NA;NA;"Western";"Suicidal data or self-harm only";"Adults";"Other";13;NA;NA;"attempts";19;33;182;183;"NA";"NA";"post";"NA"
"87";"Hazell 2009";"Mixed/other";"CAU";NA;NA;NA;NA;"Western";"Suicidal data or self-harm only";"Adolescents";NA;NA;NA;NA;"attempts";7;7;35;37;"NA";"NA";"post";"NA"
"88";"Hazell 2009";"Mixed/other";"CAU";NA;NA;35;37;"Western";"Suicidal data or self-harm only";"Adolescents";NA;NA;-0,0466134731632117;0,235825940901489;"ideation";NA;NA;NA;NA;"NA";"NA";"post";"NA"
"89";"Hetrick 2017";"Mixed/other";"CAU";NA;NA;NA;NA;"Western";"Suicidal data or self-harm only";"Adolescents";"Other";10;NA;NA;"attempts";0;3;26;24;"NA";"NA";"post";"NA"
"90";"Hill 2019";"Mixed/other";"Other";NA;NA;40;40;"Western";"Suicidal data or self-harm only";"Adolescents";"Community";6;-0,499472882985398;0,227133725696307;"ideation";NA;NA;NA;NA;"NA";"NA";"post";"NA"
"91";"Hogberg 2018";"Cognitive";"CAU";NA;NA;NA;NA;"Western";"Depression";"Adolescents";"Clinical";34;NA;NA;"attempts";0;3;15;12;"NA";"NA";"post";"NA"
"92";"Huey 2004";"Family";"Enhanced CAU";NA;NA;NA;NA;"Western";"Suicidal data or self-harm only";"Children";"Other";22;NA;NA;"attempts";11;7;78;78;"NA";"NA";"post";"NA"
"93";"Huey 2004";"Family";"Enhanced CAU";NA;NA;78;78;"Western";"Suicidal data or self-harm only";"Children";"Other";22;-0,141080091923855;0,177064175540038;"ideation";NA;NA;NA;NA;"NA";"NA";"post";"NA"
"94";"Husain 2014";"Problem solving";"CAU";NA;NA;NA;NA;"Other";"Suicidal data or self-harm only";"Young adults";"Other";12;NA;NA;"attempts";3;3;108;113;"NA";"NA";"post";"NA"
"95";"Husain 2014";"Problem solving";"CAU";NA;NA;105;112;"Other";"Suicidal data or self-harm only";"Young adults";"Other";12;-0,349390032356811;0,136878161387006;"ideation";NA;NA;NA;NA;"NA";"NA";"post";"NA"
"96";"Hvid 2011";"Mixed/other";"CAU";NA;NA;NA;NA;"Western";"Suicidal data or self-harm only";"Adults";"Other";26;NA;NA;"attempts";6;14;69;64;"NA";"NA";"post";"NA"
"97";"Interian 2021";"Mindfulness";"Enhanced CAU";NA;NA;NA;NA;"Western";"Suicidal data or self-harm only";"Adults";"Clinical";10;NA;NA;"attempts";9;18;71;69;"NA";"NA";"post";"NA"
"98";"Interian 2021";"Mindfulness";"Enhanced CAU";NA;NA;71;69;"Western";"Suicidal data or self-harm only";"Adults";"Clinical";10;0;0,169048101632174;"ideation";NA;NA;NA;NA;"NA";"NA";"post";"NA"
"99";"Jamshidi 2020";"EMDR and imagery based";"Waiting list";NA;NA;15;15;"Other";"PTSD";"Young adults";"Other";13;-0,642130563879766;0,374956822685809;"ideation";NA;NA;NA;NA;"NA";"NA";"post";"NA"
"100";"Jobes 2017";"CAMS";"CAU";NA;NA;NA;NA;"Western";"Suicidal data or self-harm only";"Adults";"Clinical";NA;NA;NA;"attempts";6;3;73;75;"NA";"NA";"post";"NA"
"101";"Jobes 2017";"CAMS";"CAU";NA;NA;73;75;"Western";"Suicidal data or self-harm only";"Adults";"Clinical";NA;-0,559851368674074;0,207958177343872;"ideation";NA;NA;NA;NA;"NA";"NA";"post";"NA"
"102";"Johnson (J) 2019";"Mixed/other";"CAU";NA;NA;91;90;"Western";"Depression";"Adults";"Other";12;-0,119482848313839;0,148794798346116;"ideation";NA;NA;NA;NA;"NA";"NA";"post";"NA"
"103";"Kaslow 2010";"Mixed/other";"CAU";NA;NA;121;87;"Western";"Suicidal data or self-harm only";"Adults";"Clinical";10;-0,74719098511247;0,145294897784289;"ideation";NA;NA;NA;NA;"NA";"NA";"post";"NA"
"104";"King 2015";"Mixed/other";"CAU";NA;NA;27;22;"Western";"Suicidal data or self-harm only";"Adolescents";"Other";NA;-0,159878821570728;0,287682092030734;"ideation";NA;NA;NA;NA;"NA";"NA";"post";"NA"
"105";"Koons 2001";"Dialectic";"CAU";NA;NA;10;10;"Western";"Borderline";"Adults";"Clinical";26;-1,26471577376004;0,49355222862049;"ideation";NA;NA;NA;NA;"NA";"NA";"post";"NA"
"106";"LaCroix 2018";"Cognitive";"CAU";NA;NA;NA;NA;"Western";"PTSD";"Adults";"Clinical";4;NA;NA;"attempts";3;2;18;18;"NA";"NA";"post";"NA"
"107";"LaCroix 2018";"Cognitive";"CAU";NA;NA;18;18;"Western";"PTSD";"Adults";"Clinical";4;1,01690214814072;0,355153100910733;"ideation";NA;NA;NA;NA;"NA";"NA";"post";"NA"
"108";"Lin (C-J) 2020";"Cognitive";"CAU";NA;NA;38;30;"Other";"Bipolar";"Adults";"Clinical";26;-0,409497962298655;0,246801023462512;"ideation";NA;NA;NA;NA;"NA";"NA";"post";"NA"
"109";"Lin (Y-C) 2020";"Cognitive";"CAU";NA;NA;NA;NA;"Other";"Suicidal data or self-harm only";"Adults";"Clinical";26;NA;NA;"attempts";11;24;72;75;"NA";"NA";"post";"NA"
"110";"Linehan 2006";"Dialectic";"Enhanced CAU";NA;NA;NA;NA;"Western";"Borderline";"Adults";"Clinical";52;NA;NA;"attempts";13;27;52;49;"NA";"NA";"post";"NA"
"111";"Linehan 2006";"Dialectic";"Enhanced CAU";NA;NA;50;39;"Western";"Borderline";"Adults";"Clinical";52;-0,117542795002579;0,213822368072422;"ideation";NA;NA;NA;NA;"NA";"NA";"post";"NA"
"112";"LoParo 2018";"Cognitive";"Other";NA;NA;126;126;"Western";"Suicidal data or self-harm only";"Adults";"Clinical";6;-0,181921998108609;0,126250061172535;"ideation";NA;NA;NA;NA;"NA";"NA";"post";"NA"
"113";"Lu 2019";"Mindfulness";"Waiting list";NA;NA;21;28;"Other";"none";"Children";"Other";8;-0,141123198650111;0,289038468327593;"ideation";NA;NA;NA;NA;"NA";"NA";"post";"NA"
"114";"Lynch 2020";"Dialectic";"CAU";NA;NA;NA;NA;"Western";"Depression";NA;"Clinical";30;NA;NA;"attempts";5;4;162;88;"NA";"NA";"post";"NA"
"115";"Lynch 2020";"Dialectic";"CAU";NA;NA;162;88;"Western";"Depression";NA;"Clinical";30;0,18;1,349;"ideation";NA;NA;NA;NA;"NA";"NA";"post";"NA"
"116";"Marasinghe 2012 men";"Mixed/other";"Waiting list";NA;NA;17;17;"Other";"Suicidal data or self-harm only";"Adults";"Clinical";26;-0,644227341148846;0,3522063615721;"ideation";NA;NA;NA;NA;"NA";"NA";"post";"NA"
"117";"Marasinghe 2012 women";"Mixed/other";"Waiting list";NA;NA;17;17;"Other";"Suicidal data or self-harm only";"Adults";"Clinical";26;-1,10793034039947;0,369570970705067;"ideation";NA;NA;NA;NA;"NA";"NA";"post";"NA"
"118";"March 2004 study 1";"Cognitive";"Enhanced CAU";NA;NA;NA;NA;"Western";"Depression";"Adolescents";"Community";12;NA;NA;"attempts";4;2;107;111;"NA";"NA";"post";"NA"
"119";"March 2004 study 1";"Cognitive";"Enhanced CAU";NA;NA;107;111;"Western";"Depression";"Adolescents";"Community";12;-0,23148054154018;0,135935865989642;"ideation";NA;NA;NA;NA;"NA";"NA";"post";"NA"
"120";"March 2004 study 2";"Cognitive";"placebo";NA;NA;NA;NA;"Western";"Depression";"Adolescents";"Community";12;NA;NA;"attempts";1;0;109;112;"NA";"NA";"post";"NA"
"121";"March 2004 study 2";"Cognitive";"placebo";NA;NA;109;112;"Western";"Depression";"Adolescents";"Community";12;-0,334553558802025;0,135491162700161;"ideation";NA;NA;NA;NA;"NA";"NA";"post";"NA"
"122";"McAuliffe 2014";"Problem solving";"CAU";NA;NA;NA;NA;"Western";"Suicidal data or self-harm only";"Adults";"Other";6;NA;NA;"attempts";54;50;222;211;"NA";"NA";"post";"NA"
"123";"McCauley 2018";"Dialectic";"Supportive counselling";NA;NA;NA;NA;"Western";"Suicidal data or self-harm only";"Adolescents";"Other";26;NA;NA;"attempts";7;14;86;87;"NA";"NA";"post";"NA"
"124";"McLeavey 1994";"Interpersonal";"Supportive counselling";NA;NA;NA;NA;"Other";"Suicidal data or self-harm only";"Young adults";"Other";56;NA;NA;"attempts";2;5;19;20;"NA";"NA";"post";"NA"
"125";"McMain 2017";"Dialectic";"Waiting list";NA;NA;NA;NA;"Western";"Borderline";"Adults";"Clinical";20;NA;NA;"attempts";4;8;42;42;"NA";"NA";"post";"NA"
"126";"McManama O'Brien 2018";"Mixed/other";"CAU";NA;NA;NA;NA;"Western";"Suicidal data or self-harm only";"Adolescents";"Clinical";12;NA;NA;"attempts";0;1;25;25;"NA";"NA";"post";"NA"
"127";"McManama O'Brien 2018";"Mixed/other";"CAU";NA;NA;25;25;"Western";"Suicidal data or self-harm only";"Adolescents";"Clinical";12;0,163473097490589;0,283329898433701;"ideation";NA;NA;NA;NA;"NA";"NA";"post";"NA"
"128";"Melvin 2006";"Cognitive";"Enhanced CAU";"cbt and med";"medication";25;26;"Western";"Depression";"Adolescents";"Clinical";12;-0,0424842903928171;0,280142447698431;"ideation";NA;NA;NA;NA;"NA";"NA";"post";"NA"
"129";"Miklowitz 2020";"Family";"Other";NA;NA;NA;NA;"Western";"Mixed";"Adolescents";"Clinical";17;NA;NA;"attempts";2;8;61;66;"NA";"NA";"post";"NA"
"130";"Morley 2014";"Cognitive";"CAU";NA;NA;122;63;"Western";"sub";"Adults";"Clinical";26;-0,0301331636877655;0,155152220501428;"ideation";NA;NA;NA;NA;"NA";"NA";"post";"NA"
"131";"Morthorst 2012";"Problem solving";"CAU";NA;NA;NA;NA;"Western";"Suicidal data or self-harm only";"Adults";"Other";52;NA;NA;"attempts";20;13;123;120;"NA";"NA";"post";"NA"
"132";"Naidoo 2014";"Mixed/other";"CAU";NA;NA;NA;NA;"Other";"Suicidal data or self-harm only";"Adults";"Other";78;NA;NA;"attempts";58;97;344;344;"NA";"NA";"post";"NA"
"133";"O'Connor 2020";"Cognitive";"CAU";NA;NA;NA;NA;"Western";"Suicidal data or self-harm only";"Adults";"Clinical";52;NA;NA;"attempts";2;2;23;25;"NA";"NA";"post";"NA"
"134";"Patel 2017";"Mixed/other";"CAU";NA;NA;NA;NA;"Other";"Depression";"Adults";"Clinical";7;NA;NA;"attempts";48;82;245;248;"NA";"NA";"post";"NA"
"135";"Patsiokas 1985";"Cognitive";"Other";"cbt";"other ctr";5;3;"Western";"Suicidal data or self-harm only";"Adults";"Clinical";3;-0,122195527678118;0,731141255534814;"ideation";NA;NA;NA;NA;"NA";"NA";"post";"NA"
"136";"Patsiokas 1985";"Problem solving";"Other";"pst";"other ctr";5;3;"Western";"Suicidal data or self-harm only";"Adults";"Clinical";3;-0,910741185828872;0,775817323339071;"ideation";NA;NA;NA;NA;"NA";"NA";"post";"NA"
"137";"Pfeiffer 2019";"Mixed/other";"CAU";NA;NA;NA;NA;"Western";"Suicidal data or self-harm only";"Adults";"Clinical";12;NA;NA;"attempts";3;5;34;36;"NA";"NA";"post";"NA"
"138";"Pfeiffer 2019";"Mixed/other";"CAU";NA;NA;34;36;"Western";"Suicidal data or self-harm only";"Adults";"Clinical";12;-0,123660444591145;0,239376752146301;"ideation";NA;NA;NA;NA;"NA";"NA";"post";"NA"
"139";"Pigeon 2019";"Cognitive";"CAU";NA;NA;27;27;"Western";"Mixed";"Adults";"Clinical";6;-0,253770386566742;0,273291111857167;"ideation";NA;NA;NA;NA;"NA";"NA";"post";"NA"
"140";"Pineda 2013";"Family";"CAU";NA;NA;24;24;"Western";"Suicidal data or self-harm only";"Adolescents";"Clinical";6;-0,599644226967293;0,295304554190761;"ideation";NA;NA;NA;NA;"NA";"NA";"post";"NA"
"141";"Pistorello 2020";"CAMS";"CAU";NA;NA;33;29;"Western";"Suicidal data or self-harm only";"Young adults";"Clinical";8;-0,258940639940934;0,255617588366497;"ideation";NA;NA;NA;NA;"NA";"NA";"post";"NA"
"142";"Power 2003";"Cognitive";"CAU";NA;NA;NA;NA;"Western";"Schizofrenia";"Young adults";"Clinical";26;NA;NA;"attempts";1;1;31;25;"NA";"NA";"post";"NA"
"143";"Pratt 2015";"Cognitive";"CAU";NA;NA;18;22;"Western";"Suicidal data or self-harm only";"Adults";"Other";16;-0,0861787278776324;0,317972856366809;"ideation";NA;NA;NA;NA;"NA";"NA";"post";"NA"
"144";"Rahnama 2016";"EMDR and imagery based";"CAU";NA;NA;15;15;"Other";"Depression";"NA";"Other";7;-1,71988582369057;0,430593067668479;"ideation";NA;NA;NA;NA;"NA";"NA";"post";"NA"
"145";"Riblet 2021";"Mixed/other";"CAU";NA;NA;10;9;"Western";"Suicidal data or self-harm only";"Adults";"Clinical";13;0,292097707036545;0,462138325615106;"ideation";NA;NA;NA;NA;"NA";"NA";"post";"NA"
"146";"Rudd 1996";"Mixed/other";"CAU";NA;NA;NA;NA;"Western";"Mixed";"Young adults";"Clinical";4;NA;NA;"attempts";2;1;181;121;"NA";"NA";"post";"NA"
"147";"Rudd 1996";"Mixed/other";"CAU";NA;NA;120;91;"Western";"Mixed";"Young adults";"Clinical";4;0,0976578505349768;0,139086689703599;"ideation";NA;NA;NA;NA;"NA";"NA";"post";"NA"
"148";"Rudd 2015";"Cognitive";"CAU";NA;NA;NA;NA;"Western";"Suicidal data or self-harm only";"Adults";"Clinical";26;NA;NA;"attempts";8;18;76;76;"NA";"NA";"post";"NA"
"149";"Rudd 2015";"Cognitive";"CAU";NA;NA;53;41;"Western";"Suicidal data or self-harm only";"Adults";"Clinical";26;-0,433328027178965;0,210412674073225;"ideation";NA;NA;NA;NA;"NA";"NA";"post";"NA"
"150";"Ryberg 2019";"CAMS";"Enhanced CAU";NA;NA;NA;NA;"Western";"Suicidal data or self-harm only";"Adults";"Clinical";NA;NA;NA;"attempts";3;5;37;41;"NA";"NA";"post";"NA"
"151";"Ryberg 2019";"CAMS";"Enhanced CAU";NA;NA;37;41;"Western";"Suicidal data or self-harm only";"Adults";"Clinical";NA;-0,51455395331658;0,230539804503849;"ideation";NA;NA;NA;NA;"NA";"NA";"post";"NA"
"152";"Salkovskis 1990";"Problem solving";"CAU";NA;NA;NA;NA;"Western";"Suicidal data or self-harm only";"Adults";"Clinical";4;NA;NA;"attempts";0;3;12;8;"NA";"NA";"post";"NA"
"153";"Samaraweera 2007";"Cognitive";"CAU";NA;NA;5;4;"Other";"Suicidal data or self-harm only";"Adults";"Community";8;-2,7714035224435;0,995011374612708;"ideation";NA;NA;NA;NA;"NA";"NA";"post";"NA"
"154";"Sanz Cruces 2018";"Mixed/other";"Waiting list";NA;NA;31;20;"Western";"other";"Adults";"Clinical";8;-0,253480050982861;0,287937191590523;"ideation";NA;NA;NA;NA;"NA";"NA";"post";"NA"
"155";"Sedghy 2022";"Cognitive";"CAU";NA;NA;NA;NA;"Other";"Suicidal data or self-harm only";"Adults";"Other";13;NA;NA;"attempts";1;8;35;35;"NA";"NA";"post";"NA"
"156";"Sedghy 2022";"Cognitive";"CAU";NA;NA;35;35;"Other";"Suicidal data or self-harm only";"Adults";"Other";13;-1,14961120623726;0,258448111999055;"ideation";NA;NA;NA;NA;"NA";"NA";"post";"NA"
"157";"Shaygan 2022";"Mixed/other";"CAU";NA;NA;48;46;"Other";"Depression";"Adults";NA;8;-1,04868458273932;0,220270201766108;"ideation";NA;NA;NA;NA;"NA";"NA";"post";"NA"
"158";"Sheaves 2019";"Mixed/other";"CAU";NA;NA;NA;NA;"Western";"Schizofrenia";"Adults";"Clinical";4;NA;NA;"attempts";2;1;12;12;"NA";"NA";"post";"NA"
"159";"Sheaves 2019";"Mixed/other";"CAU";NA;NA;12;12;"Western";"Schizofrenia";"Adults";"Clinical";4;-0,0255760548180301;0,408266194127525;"ideation";NA;NA;NA;NA;"NA";"NA";"post";"NA"
"160";"Simpson 2011";"Cognitive";"Waiting list";NA;NA;8;9;"Western";"hopelessness";"Adults";"Clinical";10;-0,486996136864784;0,493815701995579;"ideation";NA;NA;NA;NA;"NA";"NA";"post";"NA"
"161";"Sinniah 2017";"Cognitive";"CAU";NA;NA;NA;NA;"Other";"Depression";"Adults";"Clinical";8;NA;NA;"attempts";0;2;33;36;"NA";"NA";"post";"NA"
"162";"Sinniah 2017";"Cognitive";"CAU";NA;NA;33;36;"Other";"Depression";"Adults";"Clinical";8;-0,858688887177781;0,252083365735469;"ideation";NA;NA;NA;NA;"NA";"NA";"post";"NA"
"163";"Slee 2008";"Cognitive";"CAU";NA;NA;40;42;"Western";"Suicidal data or self-harm only";"Adults";"Clinical";26;-0,644869883763937;0,226701595191427;"ideation";NA;NA;NA;NA;"NA";"NA";"post";"NA"
"164";"Slesnick 2019";"Cognitive";"CAU";NA;NA;75;75;"Western";"Suicidal data or self-harm only";"Young adults";"Clinical";26;-0,266489903928002;0,164029909665386;"ideation";NA;NA;NA;NA;"NA";"NA";"post";"NA"
"165";"Spirito 2015";"Family";"CAU";NA;NA;NA;NA;"Western";"Depression";"Adolescents";"Clinical";12;NA;NA;"attempts";1;0;16;8;"NA";"NA";"post";"NA"
"166";"Springer 1996";"Cognitive";"Other";NA;NA;16;15;"Western";"Borderline";"Adults";"Clinical";1,5;-0,500908412682315;0,365285221271537;"ideation";NA;NA;NA;NA;"NA";"NA";"post";"NA"
"167";"Tang 2009";"Mixed/other";"CAU";NA;NA;35;38;"Other";"Depression";"Adolescents";"Other";6;-0,768493676878487;0,242939187136726;"ideation";NA;NA;NA;NA;"NA";"NA";"post";"NA"
"168";"Tarrier 2014";"Cognitive";"CAU";NA;NA;16;19;"Western";"Schizofrenia";"Adults";"Clinical";26;-0,175802860675987;0,339991237254478;"ideation";NA;NA;NA;NA;"NA";"NA";"post";"NA"
"169";"Tighe 2017";"Mixed/other";"Waiting list";NA;NA;31;30;"Western";"Mixed";"Adults";"Community";6;0;0,256108176069141;"ideation";NA;NA;NA;NA;"NA";"NA";"post";"NA"
"170";"Turner 2000";"Dialectic";"Other";NA;NA;12;12;"Western";"Borderline";"Young adults";"Other";52;-0,866043203611395;0,428285368583522;"ideation";NA;NA;NA;NA;"NA";"NA";"post";"NA"
"171";"Tyrer 2003";"Cognitive";"CAU";NA;NA;NA;NA;"Western";"Suicidal data or self-harm only";"Adults";"Other";26;NA;NA;"attempts";18;22;239;241;"NA";"NA";"post";"NA"
"172";"Van Beek 2013";"Cognitive";"CAU";NA;NA;75;75;"Western";"Suicidal data or self-harm only";"Adults";"Clinical";12;-0,222845887299614;0,163810544225458;"ideation";NA;NA;NA;NA;"NA";"NA";"post";"NA"
"173";"Van Wel 2009";"Mixed/other";"Enhanced CAU";NA;NA;NA;NA;"Western";"Borderline";"Adults";"Clinical";26;NA;NA;"attempts";2;2;45;38;"NA";"NA";"post";"NA"
"174";"Van der Sande 1997";"Mixed/other";"CAU";NA;NA;NA;NA;"Western";"Suicidal data or self-harm only";"Adults";"Clinical";0,5;NA;NA;"attempts";24;20;140;131;"NA";"NA";"post";"NA"
"175";"Verheul 2003";"Dialectic";"CAU";NA;NA;NA;NA;"Western";"Borderline";"Adults";"Clinical";52;NA;NA;"attempts";2;8;27;31;"NA";"NA";"post";"NA"
"176";"Walker 2016";"Psychodynamic";"Other";NA;NA;NA;NA;"Western";"Suicidal data or self-harm only";"Adults";"Other";8;NA;NA;"attempts";4;16;56;57;"NA";"NA";"post";"NA"
"177";"Walker 2016";"Psychodynamic";"Other";NA;NA;56;57;"Western";"Suicidal data or self-harm only";"Adults";"Other";8;0,04061079975189;0,188171198290537;"ideation";NA;NA;NA;NA;"NA";"NA";"post";"NA"
"178";"Ward-Ciesielski 2017";"Mixed/other";"Other";NA;NA;NA;NA;"Western";"Suicidal data or self-harm only";"Adults";"Clinical";1;NA;NA;"attempts";3;3;46;47;"NA";"NA";"post";"NA"
"179";"Ward-Ciesielski 2017";"Mixed/other";"Other";NA;NA;34;37;"Western";"Suicidal data or self-harm only";"Adults";"Clinical";1;0,0871987568698763;0,237683668065204;"ideation";NA;NA;NA;NA;"NA";"NA";"post";"NA"
"180";"Wei 2013";"Cognitive";"CAU";"cbt";"cau";NA;NA;"Other";"Suicidal data or self-harm only";"Adults";"Other";14;NA;NA;"attempts";0;1;82;77;"NA";"NA";"post";"NA"
"181";"Wei 2013";"Mixed/other";"CAU";"telephone";"cau";NA;NA;"Other";"Suicidal data or self-harm only";"Adults";"Other";14;NA;NA;"attempts";0;1;80;77;"NA";"NA";"post";"NA"
"182";"Wei 2013";"Cognitive";"CAU";"cbt";"cau";82;77;"Other";"Suicidal data or self-harm only";"Adults";"Other";14;-0,0298411885730095;0,177954940958108;"ideation";NA;NA;NA;NA;"NA";"NA";"post";"NA"
"183";"Wei 2013";"Mixed/other";"CAU";"telephone";"cau";80;77;"Other";"Suicidal data or self-harm only";"Adults";"Other";14;0,104598350056696;0,17758873116772;"ideation";NA;NA;NA;NA;"NA";"NA";"post";"NA"
"184";"Weinberg 2006";"Cognitive";"CAU";NA;NA;15;15;"Western";"Borderline";"Adults";"Community";7;-0,856037516798549;0,382406345535329;"ideation";NA;NA;NA;NA;"NA";"NA";"post";"NA"
"185";"Weinstein 2018";"Family";"CAU";NA;NA;35;36;"Western";"Borderline";"Children";"Clinical";12;0,0158073212305796;0,790918377063452;"ideation";NA;NA;NA;NA;"NA";"NA";"post";"NA"
"186";"Wharff 2019";"Family";"CAU";NA;NA;68;71;"Western";"Suicidal data or self-harm only";"Adolescents";"Other";0,14;-0,00781804240377633;0,169677964654751;"ideation";NA;NA;NA;NA;"NA";"NA";"post";"NA"
"187";"Wilks 2018";"Mixed/other";"Waiting list";NA;NA;22;28;"Western";"sub";"Adults";"Community";8;-0,485614382397258;0,289141673016034;"ideation";NA;NA;NA;NA;"NA";"NA";"post";"NA"
"188";"Wood 2001";"Mixed/other";"CAU";NA;NA;32;31;"Western";"Suicidal data or self-harm only";"Adolescents";"Clinical";28;-0,104507156525389;0,252184308780213;"ideation";NA;NA;NA;NA;"NA";"NA";"post";"NA"
"189";"Wu (R) 2021";"Mixed/other";"Waiting list";NA;NA;30;30;"Other";"Suicidal data or self-harm only";"Young adults";"Community";4;-0,451362547972391;0,261551854137057;"ideation";NA;NA;NA;NA;"NA";"NA";"post";"NA"
"190";"Yen 2019";"Mixed/other";"CAU";NA;NA;NA;NA;"Western";"Suicidal data or self-harm only";"Adolescents";"Clinical";4;NA;NA;"attempts";5;10;38;39;"NA";"NA";"post";"NA"
